<?xml version="1.0"?>
<doc>
    <assembly>
        <name>RobusT2ScaleExternalFISNative</name>
    </assembly>
    <members>
        <member name="T:RobusT2ScaleExternalFISNative.Robust2Scale2">
            <summary>
            The Robust2Scale2 class provides a CLS compliant, Object (native) interface to the
            MATLAB functions contained in the files:
            <newpara></newpara>
            C:\Users\pooyanjam\Source\Repos\pooyan-amir\RL-Q\Controllers\RobusT2Scale\RobusT2Sca
            lesg.m
            <newpara></newpara>
            deployprint.m
            <newpara></newpara>
            printdlg.m
            </summary>
            <remarks>
            @Version 0.0
            </remarks>
        </member>
        <member name="M:RobusT2ScaleExternalFISNative.Robust2Scale2.#cctor">
            <summary internal= "true">
            The static constructor instantiates and initializes the MATLAB Compiler Runtime
            instance.
            </summary>
        </member>
        <member name="M:RobusT2ScaleExternalFISNative.Robust2Scale2.#ctor">
            <summary>
            Constructs a new instance of the Robust2Scale2 class.
            </summary>
        </member>
        <member name="M:RobusT2ScaleExternalFISNative.Robust2Scale2.Finalize">
            <summary internal= "true">
            Class destructor called by the CLR garbage collector.
            </summary>
        </member>
        <member name="M:RobusT2ScaleExternalFISNative.Robust2Scale2.Dispose">
            <summary>
            Frees the native resources associated with this object
            </summary>
        </member>
        <member name="M:RobusT2ScaleExternalFISNative.Robust2Scale2.Dispose(System.Boolean)">
            <summary internal= "true">
            Internal dispose function
            </summary>
        </member>
        <member name="M:RobusT2ScaleExternalFISNative.Robust2Scale2.RobusT2Scalesg">
             <summary>
             Provides a single output, 0-input Objectinterface to the RobusT2Scalesg MATLAB
             function.
             </summary>
             <remarks>
             M-Documentation:
             ------------------------------------------------------------------------
             Authors: Pooyan Jamshidi (pooyan.jamshidi@gmail.com)
             The scripts implements the sugeno fuzzy controller and
             produce the output which is the scaling action for horizontal elasticity.
             x1: workload (should be normalized in [0 100])
             x2: response time (should be normalized in [0 100])
             scalingaction: [-2 +2], this determines the change in the number of resources 
             ------------------------------------------------------------------------
             </remarks>
             <returns>An Object containing the first output argument.</returns>
            
        </member>
        <member name="M:RobusT2ScaleExternalFISNative.Robust2Scale2.RobusT2Scalesg(System.Object)">
             <summary>
             Provides a single output, 1-input Objectinterface to the RobusT2Scalesg MATLAB
             function.
             </summary>
             <remarks>
             M-Documentation:
             ------------------------------------------------------------------------
             Authors: Pooyan Jamshidi (pooyan.jamshidi@gmail.com)
             The scripts implements the sugeno fuzzy controller and
             produce the output which is the scaling action for horizontal elasticity.
             x1: workload (should be normalized in [0 100])
             x2: response time (should be normalized in [0 100])
             scalingaction: [-2 +2], this determines the change in the number of resources 
             ------------------------------------------------------------------------
             </remarks>
             <param name="x1">Input argument #1</param>
             <returns>An Object containing the first output argument.</returns>
            
        </member>
        <member name="M:RobusT2ScaleExternalFISNative.Robust2Scale2.RobusT2Scalesg(System.Object,System.Object)">
             <summary>
             Provides a single output, 2-input Objectinterface to the RobusT2Scalesg MATLAB
             function.
             </summary>
             <remarks>
             M-Documentation:
             ------------------------------------------------------------------------
             Authors: Pooyan Jamshidi (pooyan.jamshidi@gmail.com)
             The scripts implements the sugeno fuzzy controller and
             produce the output which is the scaling action for horizontal elasticity.
             x1: workload (should be normalized in [0 100])
             x2: response time (should be normalized in [0 100])
             scalingaction: [-2 +2], this determines the change in the number of resources 
             ------------------------------------------------------------------------
             </remarks>
             <param name="x1">Input argument #1</param>
             <param name="x2">Input argument #2</param>
             <returns>An Object containing the first output argument.</returns>
            
        </member>
        <member name="M:RobusT2ScaleExternalFISNative.Robust2Scale2.RobusT2Scalesg(System.Int32)">
             <summary>
             Provides the standard 0-input Object interface to the RobusT2Scalesg MATLAB
             function.
             </summary>
             <remarks>
             M-Documentation:
             ------------------------------------------------------------------------
             Authors: Pooyan Jamshidi (pooyan.jamshidi@gmail.com)
             The scripts implements the sugeno fuzzy controller and
             produce the output which is the scaling action for horizontal elasticity.
             x1: workload (should be normalized in [0 100])
             x2: response time (should be normalized in [0 100])
             scalingaction: [-2 +2], this determines the change in the number of resources 
             ------------------------------------------------------------------------
             </remarks>
             <param name="numArgsOut">The number of output arguments to return.</param>
             <returns>An Array of length "numArgsOut" containing the output
             arguments.</returns>
            
        </member>
        <member name="M:RobusT2ScaleExternalFISNative.Robust2Scale2.RobusT2Scalesg(System.Int32,System.Object)">
             <summary>
             Provides the standard 1-input Object interface to the RobusT2Scalesg MATLAB
             function.
             </summary>
             <remarks>
             M-Documentation:
             ------------------------------------------------------------------------
             Authors: Pooyan Jamshidi (pooyan.jamshidi@gmail.com)
             The scripts implements the sugeno fuzzy controller and
             produce the output which is the scaling action for horizontal elasticity.
             x1: workload (should be normalized in [0 100])
             x2: response time (should be normalized in [0 100])
             scalingaction: [-2 +2], this determines the change in the number of resources 
             ------------------------------------------------------------------------
             </remarks>
             <param name="numArgsOut">The number of output arguments to return.</param>
             <param name="x1">Input argument #1</param>
             <returns>An Array of length "numArgsOut" containing the output
             arguments.</returns>
            
        </member>
        <member name="M:RobusT2ScaleExternalFISNative.Robust2Scale2.RobusT2Scalesg(System.Int32,System.Object,System.Object)">
             <summary>
             Provides the standard 2-input Object interface to the RobusT2Scalesg MATLAB
             function.
             </summary>
             <remarks>
             M-Documentation:
             ------------------------------------------------------------------------
             Authors: Pooyan Jamshidi (pooyan.jamshidi@gmail.com)
             The scripts implements the sugeno fuzzy controller and
             produce the output which is the scaling action for horizontal elasticity.
             x1: workload (should be normalized in [0 100])
             x2: response time (should be normalized in [0 100])
             scalingaction: [-2 +2], this determines the change in the number of resources 
             ------------------------------------------------------------------------
             </remarks>
             <param name="numArgsOut">The number of output arguments to return.</param>
             <param name="x1">Input argument #1</param>
             <param name="x2">Input argument #2</param>
             <returns>An Array of length "numArgsOut" containing the output
             arguments.</returns>
            
        </member>
        <member name="M:RobusT2ScaleExternalFISNative.Robust2Scale2.RobusT2Scalesg(System.Int32,System.Object[]@,System.Object[],System.Object[])">
             <summary>
             Provides an interface for the RobusT2Scalesg function in which the input and
             output
             arguments are specified as an array of Objects.
             </summary>
             <remarks>
             This method will allocate and return by reference the output argument
             array.<newpara></newpara>
             M-Documentation:
             ------------------------------------------------------------------------
             Authors: Pooyan Jamshidi (pooyan.jamshidi@gmail.com)
             The scripts implements the sugeno fuzzy controller and
             produce the output which is the scaling action for horizontal elasticity.
             x1: workload (should be normalized in [0 100])
             x2: response time (should be normalized in [0 100])
             scalingaction: [-2 +2], this determines the change in the number of resources 
             ------------------------------------------------------------------------
             </remarks>
             <param name="numArgsOut">The number of output arguments to return</param>
             <param name= "argsOut">Array of Object output arguments</param>
             <param name= "argsIn">Array of Object input arguments</param>
             <param name= "varArgsIn">Array of Object representing variable input
             arguments</param>
            
        </member>
        <member name="M:RobusT2ScaleExternalFISNative.Robust2Scale2.WaitForFiguresToDie">
             <summary>
             This method will cause a MATLAB figure window to behave as a modal dialog box.
             The method will not return until all the figure windows associated with this
             component have been closed.
             </summary>
             <remarks>
             An application should only call this method when required to keep the
             MATLAB figure window from disappearing.  Other techniques, such as calling
             Console.ReadLine() from the application should be considered where
             possible.</remarks>
            
        </member>
    </members>
</doc>
